-- MySQL dump 10.13  Distrib 5.7.31, for Linux (x86_64)
--
-- Host: localhost    Database: datum_textbook
-- ------------------------------------------------------
-- Server version	5.7.31-log

/*!40101 SET @OLD_CHARACTER_SET_CLIENT=@@CHARACTER_SET_CLIENT */;
/*!40101 SET @OLD_CHARACTER_SET_RESULTS=@@CHARACTER_SET_RESULTS */;
/*!40101 SET @OLD_COLLATION_CONNECTION=@@COLLATION_CONNECTION */;
/*!40101 SET NAMES utf8 */;
/*!40103 SET @OLD_TIME_ZONE=@@TIME_ZONE */;
/*!40103 SET TIME_ZONE='+00:00' */;
/*!40014 SET @OLD_UNIQUE_CHECKS=@@UNIQUE_CHECKS, UNIQUE_CHECKS=0 */;
/*!40014 SET @OLD_FOREIGN_KEY_CHECKS=@@FOREIGN_KEY_CHECKS, FOREIGN_KEY_CHECKS=0 */;
/*!40101 SET @OLD_SQL_MODE=@@SQL_MODE, SQL_MODE='NO_AUTO_VALUE_ON_ZERO' */;
/*!40111 SET @OLD_SQL_NOTES=@@SQL_NOTES, SQL_NOTES=0 */;

--
-- Table structure for table `datum`
--

DROP TABLE IF EXISTS `datum`;
/*!40101 SET @saved_cs_client     = @@character_set_client */;
/*!40101 SET character_set_client = utf8 */;
CREATE TABLE `datum` (
  `id` int(10) unsigned NOT NULL AUTO_INCREMENT COMMENT '资料id',
  `uid` int(10) unsigned NOT NULL COMMENT '用户id',
  `major_id` int(10) DEFAULT NULL COMMENT '专业id',
  `university_id` int(10) DEFAULT NULL COMMENT '学校id',
  `type` tinyint(2) DEFAULT NULL COMMENT '1是升本2是考研',
  `title` varchar(15) DEFAULT NULL COMMENT '标题',
  `desc` text COMMENT '介绍',
  `picture` varchar(255) DEFAULT NULL COMMENT '图片',
  `price` decimal(10,2) DEFAULT NULL COMMENT '价钱',
  `file_link` varchar(255) DEFAULT NULL COMMENT '文件链接',
  `purchase_count` int(10) DEFAULT '0' COMMENT '购买次数',
  `create_time` bigint(20) DEFAULT '0' COMMENT '创建时间',
  `update_time` bigint(20) DEFAULT '0' COMMENT '更新时间',
  `delete_time` bigint(20) DEFAULT '0' COMMENT '删除时间默认为null (软删除)',
  PRIMARY KEY (`id`)
) ENGINE=InnoDB AUTO_INCREMENT=60 DEFAULT CHARSET=utf8;
/*!40101 SET character_set_client = @saved_cs_client */;

--
-- Dumping data for table `datum`
--

LOCK TABLES `datum` WRITE;
/*!40000 ALTER TABLE `datum` DISABLE KEYS */;
INSERT INTO `datum` VALUES (1,6431,1,3,1,'马保国','马保国，网络流行词，是网红主播孙笑川的微博昵称，网友通常叫他大师兄。网友喜欢将一些事恶搞到他的名头上，他也被认为是网络第一背锅侠。','http://image.chinawriter.com.cn/cr/2013/0523/1001810815.jpg',33.33,'https://cdn.ymkj8.com//datum/datum/7281257848857871109.txt',1,1604905912,0,0),(2,6433,2,4,1,'带带大师兄','带带大师兄，网络流行词，是网红主播孙笑川的微博昵称，网友通常叫他大师兄。网友喜欢将一些事恶搞到他的名头上，他也被认为是网络第一背锅侠。','http://image.chinawriter.com.cn/cr/2013/0523/1001810815.jpg',44.44,'https://cdn.ymkj8.com//datum/datum/7281257848857871109.txt',1,1604906912,0,0),(3,6438,3,4,1,'人性的弱点','《人性的弱点》自出版以来，已被译成 58 种文字畅销于世界各地，全球总销量达 9000 余万册，拥有 4 亿多读者，稳居成功励志类图书榜首，是人类出版史上继《圣经》之后的第二大畅销书。该书汇集了卡耐基的思想精华和激动人心的内容，是作者功的励志经典，出版后立即获得了广大读者的欢迎，成为西方世界的人文书。无数读者通过阅读和实践书中介绍的各种方法，不仅走出困境，有的还成为人仰慕的杰出人士。只要不断研读本书，相信你也可以发掘自己的无穷潜力，创造辉煌的人生。<img src=\"https://images.gitee.com/uploads/images/2020/1102/191032_3234f649_2305347.jpeg\" />','http://s.114study.com/images/201701/20170120175958338.jpg',22.00,'https://cdn.ymkj8.com//datum/datum/7281257848857871109.txt',22,1604054921,0,0),(4,432,4,4,1,'小问号你是否有许多朋友','《哈哈哈》是英国小说家威廉· 萨默赛特·毛姆的创作的长篇小说，成书于1919年。\n作品以法国印象派画家保罗·高更的生平为素材，描述了一个原本平凡的伦敦证券经纪人思特里克兰德，突然着了艺术的魔，抛妻弃子，绝弃了旁人看来优裕美满的生活，奔赴南太平洋的塔希提岛，用画笔谱写出自己光辉灿烂的生命，把生命的价值全部注入绚烂的画布的故事。\n贫穷的纠缠，病魔的折磨他毫不在意，只是后悔从来没有光顾过他的意识。作品表现了天才、个性与物质文明以及现代婚姻、家庭生活之间的矛盾，有着广阔的生命视角，用散发着消毒水味道的手术刀对皮囊包裹下的人性进行了犀利地解剖，混合着看客讪笑的幽默和残忍的目光。 [1] \n','https://ss1.baidu.com/6ONXsjip0QIZ8tyhnq/it/u=1771612492,1408500893&fm=173&app=25&f=JPEG?w=300&h=391&s=F39859281997CCCA4AE17BD9030010B4',22.82,'https://cdn.ymkj8.com//datum/datum/7281257848857871109.txt',0,1604297300,0,0),(5,432,5,4,1,'小问号你是否有许多朋友','《呵呵呵》是英国威廉·萨默赛特·毛姆创作的长篇小说，首次出版于1915年。\n该小说叙述了主人公菲利普从童年时代起在家庭、学校和社会的三十年的生活经历，反映了主人公成长过程中的迷惘、挫折、痛苦、失望和探索及其所受到的身体缺陷、宗教和情欲的束缚，以及主人公最后摆脱这些枷锁的成长历程。作品文字通俗简洁，含义深刻，可以说是一部呼唤人性全面彻底自由解放的宣言。 [1','https://ss0.baidu.com/6ONWsjip0QIZ8tyhnq/it/u=2849215722,3653470887&fm=173&app=25&f=JPEG?w=294&h=365&s=2C82409452BFBBDA468392AD0300F009',22.82,'https://cdn.ymkj8.com//datum/datum/7281257848857871109.txt',0,1604297751,0,0),(6,432,6,4,1,'百年孤独','《百年孤独》，是哥伦比亚作家加西亚·马尔克斯创作的长篇小说，是其代表作，也是拉丁美洲魔幻现实主义文学的代表作，被誉为“再现拉丁美洲历史社会图景的鸿篇巨著”。\n作品描写了布恩迪亚家族七代人的传奇故事，以及加勒比海沿岸小镇马孔多的百年兴衰，反映了拉丁美洲一个世纪以来风云变幻的历史。作品融入神话传说、民间故事、宗教典故等神秘因素，巧妙地糅合了现实与虚幻，展现出一个瑰丽的想象世界，成为20世纪重要的经典文学巨著之一。','http://s.114study.com/images/201701/20170120175933385.jpg',21.00,'https://cdn.ymkj8.com//datum/datum/7281257848857871109.txt',12,1604905662,0,0),(7,422,7,4,1,'月亮和六便士','《月亮和六便士》是英国小说家威廉· 萨默赛特·毛姆的创作的长篇小说，成书于1919年。\n作品以法国印象派画家保罗·高更的生平为素材，描述了一个原本平凡的伦敦证券经纪人思特里克兰德，突然着了艺术的魔，抛妻弃子，绝弃了旁人看来优裕美满的生活，奔赴南太平洋的塔希提岛，用画笔谱写出自己光辉灿烂的生命，把生命的价值全部注入绚烂的画布的故事。\n贫穷的纠缠，病魔的折磨他毫不在意，只是后悔从来没有光顾过他的意识。作品表现了天才、个性与物质文明以及现代婚姻、家庭生活之间的矛盾，有着广阔的生命视角，用散发着消毒水味道的手术刀对皮囊包裹下的人性进行了犀利地解剖，混合着看客讪笑的幽默和残忍的目光。 [1] \n','http://5b0988e595225.cdn.sohucs.com/images/20190131/b2929438c2df4f48ad59408de32ff5d0.jpeg',21.10,'https://cdn.ymkj8.com//datum/datum/7281257848857871109.txt',11,1604905765,0,0),(8,232,8,4,1,'人生的枷锁','《人生的枷锁》是英国威廉·萨默赛特·毛姆创作的长篇小说，首次出版于1915年。\n该小说叙述了主人公菲利普从童年时代起在家庭、学校和社会的三十年的生活经历，反映了主人公成长过程中的迷惘、挫折、痛苦、失望和探索及其所受到的身体缺陷、宗教和情欲的束缚，以及主人公最后摆脱这些枷锁的成长历程。作品文字通俗简洁，含义深刻，可以说是一部呼唤人性全面彻底自由解放的宣言。 [1','http://book.img.ireader.com/idc_1/m_1,w_156,h_208,q_100/697f216b/group6/M00/2C/86/CmRaIVhGHjKEEXcyAAAAAP9GDes944439163.jpg?v=zOSTcRao',33.30,'https://cdn.ymkj8.com//datum/datum/7281257848857871109.txt',14,1604905885,0,0),(9,112,9,4,1,'追风筝的人','《追风筝的人》是美籍阿富汗作家卡勒德·胡赛尼（Khaled Hosseini）的第一部长篇小说，译者李继宏，上海人民出版社于2003年出版，是美国2005年的排名第三的畅销书。\n全书围绕风筝与阿富汗的两个少年之间展开，一个富家少年与家中仆人关于风筝的故事，关于人性的背叛与救赎。','http://image.chinawriter.com.cn/cr/2013/0523/2215007998.jpg',21.11,'https://cdn.ymkj8.com//datum/datum/7281257848857871109.txt',11,1604905973,0,0),(10,222,10,4,1,'麦田里的守望者','麦田里的守望者》是美国作家杰罗姆·大卫·塞林格创作的唯一一部长篇小说，首次出版于1951年。塞林格将故事的起止局限于16岁的中学生霍尔顿·考尔菲德从离开学校到纽约游荡的三天时间内，并借鉴了意识流天马行空的写作方法，充分探索了一个十几岁少年的内心世界。\n愤怒与焦虑是此书的两大主题，主人公的经历和思想在青少年中引起强烈共鸣，受到读者，特别是广大中学生的热烈欢迎。','http://s16.sinaimg.cn/orignal/002ODVQrzy6Uq7vXUYf2f',22.22,'https://cdn.ymkj8.com//datum/datum/7281257848857871109.txt',11,1604905988,0,0),(11,6438,11,4,1,'人性的弱点','《人性的弱点》自出版以来，已被译成 58 种文字畅销于世界各地，全球总销量达 9000 余万册，拥有 4 亿多读者，稳居成功励志类图书榜首，是人类出版史上继《圣经》之后的第二大畅销书。该书汇集了卡耐基的思想精华和激动人心的内容，是作者功的励志经典，出版后立即获得了广大读者的欢迎，成为西方世界的人文书。无数读者通过阅读和实践书中介绍的各种方法，不仅走出困境，有的还成为人仰慕的杰出人士。只要不断研读本书，相信你也可以发掘自己的无穷潜力，创造辉煌的人生。<img src=\"https://images.gitee.com/uploads/images/2020/1102/191032_3234f649_2305347.jpeg\" />','https://ss0.baidu.com/6ONWsjip0QIZ8tyhnq/it/u=1756089537,3405444869&fm=173&app=25&f=JPEG?w=294&h=412&s=FB10448F5C0736DA0EBD8DA903008003',22.00,'https://cdn.ymkj8.com//datum/datum/7281257848857871109.txt',22,1604906912,0,0),(12,111,12,4,1,'灿烂千阳','《灿烂千阳》是美籍阿富汗裔作家卡勒德·胡赛尼创作的长篇小说，2007年5月22日在美国首发。\n这次胡塞尼将关注焦点放在阿富汗妇女身上，小说讲述了两个阿富汗妇女的不幸故事，个人要忍耐饥饿、病痛的约束。家庭要承受战争的创伤、难民的流离失所。国家要忍耐前苏联、塔利班与美国的战争。这是一部阿富汗忍耐的历史。小说情节设计巧妙，象征和意识流的手法运用纯熟，除了一如既往对战争的控诉，还有为妇女权利的呐喊，标志着胡塞尼的创作进入成熟阶段。','http://imgsrc.baidu.com/forum/pic/item/6b450cd7912397ddc9f05f6e5d82b2b7d1a28748.jpg',19.90,'https://cdn.ymkj8.com//datum/datum/7281257848857871109.txt',10,1604906999,0,0),(13,99,13,4,1,'霍乱时期的爱情','《霍乱时期的爱情》是哥伦比亚作家加西亚·马尔克斯创作的长篇小说，首次出版于1985年。\n该小说讲述了一段跨越半个多世纪的爱情故事：男女主人公在二十岁的时候没能结婚，因为他们太年轻了；经过各种人生曲折之后，到了八十岁，他们还是没能结婚，因为他们太老了。在五十年的时间跨度中，作者展示了所有爱情的可能性，所有的爱情方式。\n该小说不仅表达了“经历爱情的折磨是一种尊严”，更重要的是展现了哥伦比亚的历史。战争和霍乱威胁着拉美人民的生命，而人为的破坏加剧了人与自然的对立，人的社会孤独感使人与人之间缺乏理解信任，心理距离加大。','https://imgsa.baidu.com/forum/w%3D580/sign=7d3bc470c25c1038247ececa8210931c/822994eef01f3a29b99e11a49d25bc315d607c87.jpg',18.80,'https://cdn.ymkj8.com//datum/datum/7281257848857871109.txt',9,1604907999,0,0),(14,88,14,5,1,'追忆似水年华','《追忆似水年华》（又译为《追寻逝去的时光》）是20世纪法国小说家马塞尔·普鲁斯特创作的长篇小说，先后出版于1913—1927年间。\n这是一部与传统小说不同的长篇小说。全书共七大卷，以叙述者“我”为主体，将其所见所闻所思所感融合一体，既有对社会生活，人情世态的真实描写，又是一份作者自我追求，自我认识的内心经历的记录。除叙事以外，还包含有大量的感想和议论。整部作品没有中心人物，没有完整的故事，没有波澜起伏，只有贯穿始终的情结线索。它大体以叙述者的生活经历和内心活动为轴心，穿插描写了大量的人物事件，犹如一棵枝丫交错的大树，可以说是在一部主要小说上派生着许多独立成篇的其他小说，也可以说是一部交织着好几个主题曲的巨大交响乐。\n该小说被誉为二十世纪最重要的文学作品之一的长篇巨著，以其出色的心灵追索描写、宏大的结构、细腻的人物刻画以及卓越的意识流技巧而风靡世界，并奠定了它在当代世界文学中的地位。','https://ss2.meipian.me/users/34310893/6d038e35e9c6123ae8b286a71df09e1b.jpg-mobile',16.40,'https://cdn.ymkj8.com//datum/datum/7281257848857871109.txt',8,1604908999,0,0),(15,77,15,5,1,'尤利西斯','《尤利西斯》是爱尔兰作家詹姆斯·乔伊斯创作的长篇小说，首次出版于1922年。\n该小说讲述的是青年诗人斯蒂芬寻找一个精神上象征性的父亲和布卢姆寻找一个儿子的故事。斯蒂芬已经有了一个生理上的父亲西蒙·迪达勒斯，但是斯蒂芬只把他当成肉体上的父亲，他认为自己有能力变得成熟，也可以成为一名父亲，然而，由于父亲西蒙·迪达勒斯的批评和缺乏理解并没有成功。因此斯蒂芬所寻找的父亲只能是一个象征性的父亲，这个父亲可以允许斯蒂芬自己也成为一名父亲。布卢姆寻找儿子从很大程度上讲则是因为他需要一个后代来巩固自己的身份和延续香火。由此可见，斯蒂芬和布卢姆两人都希望通过寻求为父之道来巩固他们各自的身份。\n乔伊斯通过描述一天内发生的单一事件向人们展示了一幅人类社会的缩影，通过对一个人一天日常生活和精神变化的细致刻画揭示了人类社会的悲与喜，英雄与懦夫的共存以及宏伟与沉闷的同现。','http://img1.gtimg.com/cul/pics/hv1/72/179/1818/118261167.jpg',15.70,'https://cdn.ymkj8.com//datum/datum/7281257848857871109.txt',22,1604909999,0,0),(16,66,16,5,1,'静静的顿河','《静静的顿河》（俄文：Тихий Дон）是前苏联作家米哈依尔·亚历山大维奇·肖洛霍夫创作的长篇小说，小说构思于1926年，四部分别于1928年、1929年、1933年和1940年出版，前后历时14年。\n《静静的顿河》展示了1912到1922年间，俄国社会的独特群体——顿河地区哥萨克人在第一次世界大战、二月革命和十月革命以及国内战争中的苦难历程。主人公格里高利，是生长在顿河岸边的哥萨克，他动摇于妻子娜塔莉亚与情人阿克西妮亚之间，徘徊于革命与反革命之间，他既是英雄，又是受难者，他有着哥萨克的一切美好品质——勇敢、正直、不畏强暴，而同时，格里高利身上又带有哥萨克的种种偏见和局限，在历史急变的关头，他徘徊于生活的十字路口。作者用悲剧手段，塑造了一个个性鲜明的男子汉形象，从格里高利身上，读者能感觉出作者对人的尊重。\n《静静的顿河》展现的是哥萨克人如何通过战争、痛苦和流血，走向社会主义。《静静的顿河》是一部描写具有重大历史意义时代的人民生活史诗， [1]  在不到五年内，格里高利一会儿投入红军，一会儿倒向白军，双手沾满了两方面的鲜血，他的矛盾和痛苦显然与他所属的特定的群体无法切割。肖洛霍夫因《静静的顿河》作品获得1965年的诺贝尔文学奖。','http://5b0988e595225.cdn.sohucs.com/images/20181106/8b5912e4052845dfba5c0fc5c4bcf3db.jpeg',21.30,'https://cdn.ymkj8.com//datum/datum/7281257848857871109.txt',21,1605162127,0,0),(17,22,17,6,1,'了不起的盖茨比','村上春树推荐语：《了不起的盖茨比》、《卡拉马佐夫兄弟》和《漫长的告别》是我人生（身为读书人和作家的人生）中最不可或缺的小说。倘若只让我从中挑选一本，那我会毫不犹豫地选择《了不起的盖茨比》。','http://5b0988e595225.cdn.sohucs.com/images/20181106/595f12d7ac02465399e45d6b70ec2913.jpeg',19.11,'https://cdn.ymkj8.com//datum/datum/7281257848857871109.txt',24,1605162193,0,0),(18,33,18,7,1,'卡拉马佐夫兄弟','村上春树推荐语：希望能够写出像俄国大作家陀思妥耶夫斯基的《卡拉马佐夫兄弟》那样的作品，这将是我小说写作之路的终极目标。','http://5b0988e595225.cdn.sohucs.com/images/20181106/4e7fe3774af6472eb3a8e34d4f185397.jpeg',21.30,'https://cdn.ymkj8.com//datum/datum/7281257848857871109.txt',32,1605162198,0,0),(19,44,19,7,1,'漫长的告别','村上春树推荐语：毋庸置疑，《漫长的告别》是部完美的杰作，极其出类拔萃。如果允许我用夸张的表述，那几乎达到了梦幻的境界。','http://5b0988e595225.cdn.sohucs.com/images/20181106/8a3b6eba5c374eb2836f10dbd6e331b0.jpeg',32.33,'https://cdn.ymkj8.com//datum/datum/7281257848857871109.txt',25,1605162205,0,0),(20,55,20,7,1,'长日留痕','村上春树推荐语：至今为止，我阅读石黑的作品时从来不曾失望过，也从未感到不以为然。','http://5b0988e595225.cdn.sohucs.com/images/20181106/bd52a3a401a3449697a4ca29e6fe8d0f.jpeg',32.10,'https://cdn.ymkj8.com//datum/datum/7281257848857871109.txt',54,1605162209,0,0),(21,88,21,7,1,'孤独及其所创造的','村上春树推荐语：能见识保罗·奥斯特是我此生的荣幸。','http://5b0988e595225.cdn.sohucs.com/images/20181106/60ca0df6b93e4e86a4f60e75fff8ac3f.jpeg',65.11,'https://cdn.ymkj8.com//datum/datum/7281257848857871109.txt',67,1605162213,0,0),(22,11,22,7,1,'然而，很美：爵士乐之书','村上春树推荐语：作为一个译者，非常幸运还能享有这样的喜悦：发现在日本还鲜为人知的作家。','http://5b0988e595225.cdn.sohucs.com/images/20181106/2071d75658674c438c581a868ea5e1a0.jpeg',32.12,'https://cdn.ymkj8.com//datum/datum/7281257848857871109.txt',45,1605162219,0,0),(23,111,23,7,1,'撒冷镇','村上春树推荐语：我将金和其他众多恐怖小说家区别开来看待，是从他的第二部作品《撒冷镇》开始的。','http://5b0988e595225.cdn.sohucs.com/images/20181106/9f476974dd404669979545cd7d0226a8.jpeg',15.10,'https://cdn.ymkj8.com//datum/datum/7281257848857871109.txt',55,1605162223,0,0),(24,222,24,8,1,'城堡','村上春树推荐语：卡夫卡是我一生最钟爱的作家之一。我15岁时第一次接触卡夫卡的作品《城堡》，这是一部了不起的经典巨作，带给我极大的触动，卡夫卡在书中描绘的世界既真实又虚幻，将我的心灵和灵魂同时割裂成两部分。','http://5b0988e595225.cdn.sohucs.com/images/20181106/7c3c55a07c5e4ca5a069961797c08904.jpeg',15.70,'https://cdn.ymkj8.com//datum/datum/7281257848857871109.txt',65,1605162229,0,0),(25,333,25,8,1,'雷蒙德·卡佛短篇小说自选集','村上春树推荐语：雷蒙德•卡佛终其一生，拼命坚持写作雷蒙德•卡佛的故事。由于他稍微拯救了自己，我们也会（在大多数情况下）稍微获得拯救。这大约就是卡佛作品为全世界读者热心阅读至今的理由之一。','http://5b0988e595225.cdn.sohucs.com/images/20181106/96bfa193b0c9470792dc86109cccae53.jpeg',16.87,'https://cdn.ymkj8.com//datum/datum/7281257848857871109.txt',87,1605162233,0,0),(26,444,26,9,1,'外国中短篇小说藏本·契诃夫','村上春树推荐语：他不太陈述意见，只是认真观察细微之处，加以描写。观察后描写，再观察，再描写。从这种姿态中，他的愤怒和悲痛静静地浮现了出来。不是愤怒或悲痛地在写，而只是凸显结果。契诃夫作为一名观察者，真是非常出色啊。','http://5b0988e595225.cdn.sohucs.com/images/20181106/1501b22c90ed49d5bfd1ef2463b1c20d.jpeg',31.98,'https://cdn.ymkj8.com//datum/datum/7281257848857871109.txt',34,1605162238,0,0),(27,555,27,9,1,'蟹工船','村上春树推荐语：在那之前的年代，有过战争、有过贫穷，值得写的东西比比皆是。从思想性的角度，出了《蟹工船》那样的作品。','http://5b0988e595225.cdn.sohucs.com/images/20181106/323bcf3402eb4f899822bc6869d59ad2.jpeg',19.67,'https://cdn.ymkj8.com//datum/datum/7281257848857871109.txt',22,1605162241,0,0),(28,777,28,9,1,'千面英雄','村上春树推荐语：经常看的倒是《我们赖以为生的神话》的作者约瑟夫·坎贝尔的作品。并不是对写小说有什么帮助，仅仅是因为有趣才读的。','http://5b0988e595225.cdn.sohucs.com/images/20181106/df4d69e1c7814994b4bc4ed5318b9f19.jpeg',14.76,'https://cdn.ymkj8.com//datum/datum/7281257848857871109.txt',89,1605162246,0,0),(29,342,29,10,1,'寻欢作乐','村上春树推荐语：这段时间我又重读了一遍《毛姆全集》。','http://5b0988e595225.cdn.sohucs.com/images/20181106/b2ed4a37efa64df482e4f343324848ec.jpeg',14.89,'https://cdn.ymkj8.com//datum/datum/7281257848857871109.txt',67,1605162250,0,0),(30,446,30,10,1,'阿Q正传','村上春树推荐语：在结构上，鲁迅的《阿Q正传》通过精确描写和作者本人截然不同的阿Q这一人物形象，使得鲁迅本身的痛苦和悲哀浮现出来。这种双重性赋予作品以深刻的底蕴。','http://5b0988e595225.cdn.sohucs.com/images/20181106/3875bae12c7e47f2a38602063912f5b4.jpeg',16.66,'https://cdn.ymkj8.com//datum/datum/7281257848857871109.txt',90,1605162254,0,0),(31,1234,31,11,1,'砂女','村上春树推荐语：在日本，我前面一代的三个重要作家，是三岛、安部公房和大江健三郎。他们当中，我必须说，我最喜欢安部，最不喜欢三岛。我几乎没读过三岛，因此我想我与三岛间没有什么相似点。','http://5b0988e595225.cdn.sohucs.com/images/20181106/ecc43402060e4e6bafcd382eeadf149e.jpeg',23.87,'https://cdn.ymkj8.com//datum/datum/7281257848857871109.txt',67,1605162258,0,0),(32,2345,32,11,1,'1984','村上春树推荐语：（《奇鸟形状录》）设定为1984年，当然是因为乔治·奥威尔的《1984》。','http://5b0988e595225.cdn.sohucs.com/images/20181106/c5fcbaee7e434072952d6d28bd4556f3.jpeg',23.33,'https://cdn.ymkj8.com//datum/datum/7281257848857871109.txt',45,1605162262,0,0),(33,6312,33,12,1,'众生安眠','村上春树推荐语：因为知道了布劳提根和冯内古特，心想还有这样的小说啊，我觉得这极大地影响了比如《且听风吟》和《一九七三的弹子球》）。假如没有他们，我想或许就不会有那样的作品了。','http://5b0988e595225.cdn.sohucs.com/images/20181106/cbfc2f3685a84788ba41783de2113011.jpeg',43.23,'https://cdn.ymkj8.com//datum/datum/7281257848857871109.txt',23,1605162266,0,0),(34,3456,34,13,1,'悲惨世界','村上春树推荐语：我非常喜欢物语、故事 之类。儒勒凡尔纳的《地心游记》、《海底两万里》，福尔摩斯，亚森罗宾等这一类故事。还有大仲马的《三剑客》、《基督山伯爵》和《悲惨世界》之类的，非常非常有趣的故事','http://5b0988e595225.cdn.sohucs.com/images/20181106/846671058bd84c7c831103850a031f56.jpeg',54.67,'https://cdn.ymkj8.com//datum/datum/7281257848857871109.txt',66,1605162270,0,0),(36,23,1,3,1,'爱的博弈','由于某种机缘巧合，我报了一个心理咨询的入门课程，这本书是老师推荐的，主要侧重对情感关系的分析与技巧运用。一整本都是干货，看完想给作者跪下。从零和博弈的角度探讨人际关系，理论和方法论都非常实用。在我心目中已经是宝典般的存在。','https://pic1.zhimg.com/80/v2-13f0b0528415120ce7966860e7f93c0c_720w.jpg',22.30,'https://cdn.ymkj8.com//datum/datum/7281257848857871109.txt',1,1605181511,0,0),(37,231,2,4,1,'拥抱你的内在小孩','刚看到这个书名的时候总觉得又是市面上的快餐鸡汤，因为是心理咨询师推荐的才买回来试探性开始读。阅读过程中总是忍不住想哭，它几乎是把你内心所有的伤疤重新揭开，逼你去正视去分析曾受过的创伤，字字珠玑，几次都差点读不下去，因为回忆童年创伤实在是一件令人痛苦的事情。但当我看完，我感到了深深的解脱，不是“终于特么读完了”的解脱，而是我彻底释怀了某些一直让我觉得沉重的东西，知道自己所有焦虑和恐慌是源于什么，知道造成两个人互不理解的原因是什么，知道很多事情都“并不是任何人的错”，它让我产生一种巨大的宽恕感。不了解过去就永远处于孩提状态。相信我，它能帮到你的方面，绝不仅仅限于亲密关系。\n\n作者：谢知道\n链接：https://www.zhihu.com/question/33555626/answer/238901930\n来源：知乎\n著作权归作者所有。商业转载请联系作者获得授权，非商业转载请注明出处。','https://pic2.zhimg.com/80/v2-c402f7fc59fdbacc24ed45142ad957d2_720w.jpg',13.20,'https://cdn.ymkj8.com//datum/datum/7281257848857871109.txt',2,1605181515,0,0),(38,23,3,4,1,'亲密关系','“在爱与被爱的过程中，我们都曾经历过痛苦、恐惧，也体验过狂喜与极乐，我们渴望建立永恆真挚的亲密关係，却又害怕再度受伤。”而这本书系统描述了什么是真正的、健康的亲密关系，简单通俗来讲，就是教你“如何与另一半相处得舒服”。我想不止是亲密关系，读完这本书之后对普通人际关系也会有所帮助或启发。\n\n作者：谢知道\n链接：https://www.zhihu.com/question/33555626/answer/238901930\n来源：知乎\n著作权归作者所有。商业转载请联系作者获得授权，非商业转载请注明出处。','https://pic2.zhimg.com/80/v2-e4f0c9d789557c7b51a3ff1ba4e90632_720w.jpg',14.50,'https://cdn.ymkj8.com//datum/datum/7281257848857871109.txt',3,1605181521,0,0),(39,55,4,4,1,'人类简史 从动物到上帝','可能是，近几年来读过的最棒的书之一，非常惊艳，它不止是历史，更是博物学著作，通过宏观的视角联系起了生物物理经济政治社会哲学等等学科，如果你在任何一个学科领域有参悟不透的问题，阅读这本书也许就能找到一个解答疑虑的指向标。同时，文中有几个的观点非常具有倾覆性，读完之后跟我妈探讨了很久，作为历史老师也表示这些观点很新，而且有道理。作者的思路相当广阔，文笔也趣味性十足，想给翻译颁奖牌。\n\n作者：谢知道\n链接：https://www.zhihu.com/question/33555626/answer/238901930\n来源：知乎\n著作权归作者所有。商业转载请联系作者获得授权，非商业转载请注明出处。','https://pic2.zhimg.com/80/v2-1c7768db878bd3165d58f86963c92ede_720w.jpg',45.30,'https://cdn.ymkj8.com//datum/datum/7281257848857871109.txt',4,1605181525,0,0),(40,654,5,4,1,'海错图笔记','这是一本清代海洋生物图鉴的解析，可以说是颇具现代博物学风格的奇书，由博物杂志主编撰写，几乎整本都是关于海洋生物的小众冷知识，相当猎奇且合我口味，属于看完之后能在餐桌上装逼的，同时在看的过程中好几次特别特别想吃海鲜。（经评论区指出这本书所科普的内容有出错的地方，因为本身不是专业人士不好评判，所以暂时先保留此项。）\n\n作者：谢知道\n链接：https://www.zhihu.com/question/33555626/answer/238901930\n来源：知乎\n著作权归作者所有。商业转载请联系作者获得授权，非商业转载请注明出处。','https://pic2.zhimg.com/80/v2-014ce37caff9d220903cf1db8387d53b_720w.jpg',54.67,'https://cdn.ymkj8.com//datum/datum/7281257848857871109.txt',5,1605181529,0,0),(41,35,6,4,1,'死者在说话','“他们有故事要讲述给我们，即使他们已经死去。那是我，一个法医骨骼学家的责任，去捕捉他们无声的呼喊和细语，去解读他们，为了活着的人，直到生命尽头。”这是一个法医人类学家经历的奇妙案件，介绍了关于体质人类学的各种趣闻和冷知识，通过分析尸体来挖掘案件的原貌，趣味性和科普性都很强，可以说是这个领域里最让我感到惊艳的一本书。\n\n作者：谢知道\n链接：https://www.zhihu.com/question/33555626/answer/238901930\n来源：知乎\n著作权归作者所有。商业转载请联系作者获得授权，非商业转载请注明出处。','https://pic1.zhimg.com/80/v2-4d648e0be7e689fdb314713cb2132d9c_720w.jpg',56.70,'https://cdn.ymkj8.com//datum/datum/7281257848857871109.txt',6,1605181533,0,0),(42,67,7,4,1,'人类群星闪耀时','这是一本关于人类历史上种种巧合的书，或者说，这是一本关于［命运］的人。每一个故事都是简短又互相独立的，却都带着沉甸甸的重量，一个平凡人物的决定，一个未被检查到的疏忽，都能影响这个世界的格局。读完会让人惊叹如今我们所见到的这个世界竟是由这些巧合演变而成的。如果你想了解命运这回事，去读这本书吧。\n\n作者：谢知道\n链接：https://www.zhihu.com/question/33555626/answer/238901930\n来源：知乎\n著作权归作者所有。商业转载请联系作者获得授权，非商业转载请注明出处。','https://pic4.zhimg.com/80/v2-dc33c7306664072c7fd357468c103d67_720w.jpg',67.90,'https://cdn.ymkj8.com//datum/datum/7281257848857871109.txt',7,1605181538,0,0),(43,87,8,4,1,'带着鲑鱼去旅行','这个被称为“这个世界上最博学的老头”，写出来的东西总感觉是在鄙视读者的智商，看上去都是短篇小段子，但有些没有一定的知识储备读起来特别烧脑。他的文字总带着黑色幽默的味道，感觉就像在看一个叼着烟杆的老头一脸淡定自如地嘲讽吐槽，而且脑洞无比清奇，这种在书里一本正经地胡说八道真的是头一回见。据说他的另一本书里，还有“给世界名著写退稿信”和“一整篇都是手枪名称陈列”的古怪文章，真是任性到不行啊。就这么有趣的一个人，去年冬天的时候去世了，实在遗憾。\n\n作者：谢知道\n链接：https://www.zhihu.com/question/33555626/answer/238901930\n来源：知乎\n著作权归作者所有。商业转载请联系作者获得授权，非商业转载请注明出处。','https://pic4.zhimg.com/80/v2-3eeebe37a3c665d24307a6c334dbf7fe_720w.jpg',45.60,'https://cdn.ymkj8.com//datum/datum/7281257848857871109.txt',8,1605181541,0,0),(44,796,9,4,1,'巴黎烧了吗','历史最迷人的地方，不在于一场战役的胜负，不在于政局的飘摇动荡，而在于在这场变革中，那些小人物的故事。这本书的可贵之处就在于它里面的细节多到奢侈，作者历时三年走访了所有故事的见证者，甚至连文章里出现的某些对话都是有据可查的。听起来好像是一本很枯燥的纪实文学是吗？不，它的厉害之处在于居然把二战写得如此引人入胜，随便翻开一页就可以毫无障碍地读下去，都是一个扣人心弦的故事。它让我感受到了一场战争的体温。\n\n作者：谢知道\n链接：https://www.zhihu.com/question/33555626/answer/238901930\n来源：知乎\n著作权归作者所有。商业转载请联系作者获得授权，非商业转载请注明出处。','https://pic1.zhimg.com/80/v2-209781ee21194843c87ee8a7b3216342_720w.jpg',38.97,'https://cdn.ymkj8.com//datum/datum/7281257848857871109.txt',9,1605181545,0,0),(45,57,10,4,1,'红拂夜奔','刚开始读这本书的时候，简直一头雾水，不知道它的脑洞开到了哪里去，为什么可以把历史写的那么荒诞。读着读着却忍不住给王小波天马行空的想象力献上膝盖，在这个世界里，出租车是由黑人把你装进麻袋里扛着去目的地，人们都踩着楼房高的高跷走路，男主角从来不穿内裤还喜欢从别人的脑袋上跨过去……各种怪诞有趣的设定集合到了一个故事里，不知该说有病还是有趣呢。\n\n作者：谢知道\n链接：https://www.zhihu.com/question/33555626/answer/238901930\n来源：知乎\n著作权归作者所有。商业转载请联系作者获得授权，非商业转载请注明出处。','https://pic2.zhimg.com/80/v2-4086b38f8f322abed8998470385dee50_720w.jpg',14.53,'https://cdn.ymkj8.com//datum/datum/7281257848857871109.txt',11,1605181549,0,0),(46,574,11,4,1,'月宫','保罗奥斯特笔下的人物个性都非常鲜明，经历也充满戏剧性。第一次听说这本书是看到一个喜欢的公众号作者推荐，她对这本书的描述是——“读小说为的就是各种铺垫之后的意外转折带来的双臂起鸡皮疙瘩的那一刻”。','https://pic1.zhimg.com/80/v2-1a3d38d4dea86a76119bc357473d5386_720w.jpg',54.67,'https://cdn.ymkj8.com//datum/datum/7281257848857871109.txt',21,1605181554,0,0),(47,233,1,3,1,'平凡的世界','《平凡的世界》是一部现实主义小说，也是一部小说形式的家族史。作者浓缩了中国西北农村的历史变迁过程，在小说中全景式地表现了中国当代城乡的社会生活。在近十年的广阔背景下，通过复杂的矛盾纠葛，刻划社会各阶层众多普通人的形象。劳动与爱情，挫折与追求，痛苦与欢乐，日常生活与巨大社会冲突，纷繁地交织在一起，深刻地展示了普通人在大时代历史进程中所走过的艰难曲折的道路。','https://5b0988e595225.cdn.sohucs.com/images/20180522/1fe885490a77427eb560ad922d2e2067.jpeg',28.60,'https://cdn.ymkj8.com//datum/datum/7281257848857871109.txt',34,1605182162,0,0),(48,422,1,3,1,'少有人走的路','正如开篇所言：人生苦难重重。M·斯科特·派克让我们更加清楚：人生是一场艰辛之旅，心智成熟的旅程相当漫长。但是，他没有让我们感到恐惧，相反，他带领我们去经历一系列艰难乃至痛苦的转变，最终达到自我认知的更高境界。','https://5b0988e595225.cdn.sohucs.com/images/20180522/5ba1920d5c4d427db1123ef64f98961a.jpeg',17.80,'https://cdn.ymkj8.com//datum/datum/7281257848857871109.txt',56,1605182168,0,0),(49,232,1,3,1,'乌合之众','《乌合之众》是社会心理学领域中最具影响力的著作，作者层层分析，逐步推进，明确指出个人一旦融入群体，他的个性便会被湮没，群体的思想便会占据绝对的统治地位，而与此同时，群体的行为也会表现出排斥异议，极端化、情绪化及低智商化等特点，进而对社会产生破坏性的影响。','https://5b0988e595225.cdn.sohucs.com/images/20180522/c356ad88f3354cff8d0bfeb053ab5256.jpeg',17.90,'https://cdn.ymkj8.com//datum/datum/7281257848857871109.txt',67,1605182173,0,0),(50,454,1,3,1,'1984','《1984》是一部杰出的政治寓言小说，也是一部幻想小说。作品刻画了人类在极权主义社会的生存状态，有若一个永不褪色的警示标签，警醒世人提防这种预想中的黑暗成为现实。历经几十年，其生命力益显强大，被誉为20世纪影响最为深远的文学经典之一。','https://5b0988e595225.cdn.sohucs.com/images/20180522/39005cee7f3646679a5710b882f19ce7.jpeg',20.00,'https://cdn.ymkj8.com//datum/datum/7281257848857871109.txt',32,1605182177,0,0),(51,155,35,1,1,'高等数学（第七版）','何满喜、丁春梅主编的《高等数学(上下)》分上、下两册。上册内容为函数与极限，一元函数微学分，一元函数积分学，常微分方程。下册内容为空间解析几何，多元函数微分学，多元函数积分学，无穷级数。书中各章节的主要内容都配有精心选取的例题和习题，着重洲练读者对定义与概念的理解、对定理与方法的应刚能力，培养读者解决问题的逻辑心维方法和创新能力。而每章都配有适量的总习题，便于谈者掌握重要的基本概念与数学思想，有利于读者对知识的理解与深化，力求让读者巩固重点内容。为便于读者学习，书后还给出了习题参考答案，以及两个附录。','https://www.dxsbb.com/upFiles/infoImg/coll/20160404/OT20160404164937352.jpg',20.00,'https://cdn.ymkj8.com//datum/datum/7281257848857871109.txt',1,1605184443,0,0),(52,156,37,1,1,'星火英语','星火英语 新视野大学英语听说读写教程','https://www.dxsbb.com/upFiles/infoImg/coll/20160218/OT20160218145456799.jpg',20.00,'https://cdn.ymkj8.com//datum/datum/7281257848857871109.txt',1,1605184449,0,0),(53,157,36,1,1,'大学语文（第十版）','大学生人文精神与品德素养的培养，可以贯穿于他们的学习过程中、日常生活言行中、阅读优秀作品内容的感受中，以及对各种社会关系的处理中；贵在自觉得到启发，并在自然流露中显示出来。热爱祖国、为社会服务、为人民大众服务，求真务实、忠诚认真、有团队精神，负责任、有使命感、积极进取、乐于助人、勤奋刻苦等等，这些人文精神与高尚品德，可以在优秀作品中充分体悟，《论语》中孔子那极为概括的“仁者爱人”一语，千百年来就不知影响了多少仁人志士。','https://www.dxsbb.com/upFiles/infoImg/coll/20160318/OT20160318101855875.jpg',20.00,'https://cdn.ymkj8.com//datum/datum/7281257848857871109.txt',1,1605184457,0,0),(54,158,38,1,1,'计算机基础','随着计算机技术的迅猛发展，计算机的应用已经渗透到日常生活中的各行各业。计算机已经成为人们日常生活中必不可少的工具，熟练使用计算机是每个现代人必备的技能。黄永才主编的《计算机基础》从教学实际需求出发，合理安排知识结构，从零开始、由浅入深、循序渐进地讲解计算机的基础知识和基本技能。','https://www.dxsbb.com/upFiles/infoImg/coll/20160418/OT20160418124830086.jpg',20.00,'https://cdn.ymkj8.com//datum/datum/7281257848857871109.txt',1,1605184463,0,0),(55,234,1,3,1,'先秦史','这套书稍显诡异，因为人数不足现在豆瓣都没评分。其实是几位大家分别所著的断代史，出版社汇总而成的一部中国史。主要包含吕思勉（《先秦史》《秦汉史》《两晋南北朝史》《隋唐五代史》），邓之诚的《宋辽金夏元史》，孟森的《明史讲义》《清史讲义》，蒋廷黻的《中国近代史》，基本涵盖中国主要历史。除了邓之诚不太了解外，其他三位都是撰写该段断代史的重要历史学家。虽说出版社有取巧之嫌，但是能够一次性收集到几位资深史学家的大作也是一个不错的选择。','http://sinastorage.com/storage.miaosha.sina.com.cn/product/20191001/12d4949b3b378dff59ba2b7ef73d9be8.jpeg',56.00,'https://cdn.ymkj8.com//datum/datum/7281257848857871109.txt',34,1605185759,0,0),(56,567,1,3,1,'顾颉刚国史讲话全本','国学大师顾颉刚国史讲话，这套书定位是中学学生。所以虽然是史学大家的作品，但是阅读起来难度不大，入门读者阅读起来也十分轻松。篇幅不长，内容不多，但是顾颉刚先生很好的呈现了宋蒙的发展脉络，理解起来相对容易（这点其实比较难，很多历史书难以做到简单清晰易懂）。豆瓣评分不高，不过个人还是比较推荐的。书的装帧设计也十分不错，精装图书质感不错，购买一套收藏也是不错的选择。推荐指数：三星','http://sinastorage.com/storage.miaosha.sina.com.cn/product/20191001/6f5434b3950e793046d2ef436a1d8365.jpeg',8.80,'https://cdn.ymkj8.com//datum/datum/7281257848857871109.txt',12,1605185765,0,0),(57,897,1,3,1,'年代四部曲','《年代四部曲》是公认的现代世界史的佳入门读物，史学大师艾 瑞克·霍布斯鲍姆的心血巨著，年代四部曲全面梳理由法国大革命至冷战结束的世界历史重要脉络，它们在全球史流行之前就叙述了全球范围的历史，不仅无所不包，而且具有典型全球意义。前三部讲述了英国工业革命和法国大革命带来的资本主义和大众民主的发展。《极端的年代》的主题则是20世纪的危机，可读性相当高的一部大作。','http://sinastorage.com/storage.miaosha.sina.com.cn/product/20191001/f91b886c29481fec48dce58a00e573b0.jpeg',50.00,'https://cdn.ymkj8.com//datum/datum/7281257848857871109.txt',45,1605185769,0,0),(59,1,35,1,1,'源哥','<!DOCTYPE html>\n<html>\n<head>\n</head>\n<body>\n123213213萨达\n</body>\n</html>','https://cdn.ymkj8.com/datum/avatar/3190286027813069661.png',12.99,'https://cdn.ymkj8.com/datum/datum/4601389149661513627.zip',0,1605536039,0,0);
/*!40000 ALTER TABLE `datum` ENABLE KEYS */;
UNLOCK TABLES;

--
-- Table structure for table `major`
--

DROP TABLE IF EXISTS `major`;
/*!40101 SET @saved_cs_client     = @@character_set_client */;
/*!40101 SET character_set_client = utf8 */;
CREATE TABLE `major` (
  `id` int(10) unsigned NOT NULL AUTO_INCREMENT COMMENT '专业id',
  `university_id` int(10) NOT NULL COMMENT '学校id',
  `title` varchar(50) DEFAULT NULL COMMENT '专业名称',
  PRIMARY KEY (`id`)
) ENGINE=InnoDB AUTO_INCREMENT=39 DEFAULT CHARSET=utf8;
/*!40101 SET character_set_client = @saved_cs_client */;

--
-- Dumping data for table `major`
--

LOCK TABLES `major` WRITE;
/*!40000 ALTER TABLE `major` DISABLE KEYS */;
INSERT INTO `major` VALUES (1,3,'软件工程'),(2,4,'水产养殖'),(3,4,'酒店管理'),(4,4,'市场营销'),(5,4,'物流管理'),(6,4,'动物医学'),(7,4,'计算机科学与技术'),(8,4,'人力资源管理'),(9,4,'食品科学'),(10,4,'园林'),(11,4,'应用化学'),(13,4,'生物技术'),(14,5,'体育学'),(15,5,'舞蹈学'),(16,5,'运动康复'),(17,6,'视觉传达'),(18,7,'飞行制造工程'),(19,7,'物流管理'),(20,7,'通讯工程'),(21,7,'机械电子工程'),(22,7,'机器人自动化'),(23,7,'计算机自动化'),(24,8,'动画'),(25,8,'化学工程与工艺'),(26,9,'公共事业管理'),(27,9,'药学'),(28,9,'护理学'),(29,10,'物流管理'),(30,10,'财务管理'),(31,11,'工商管理'),(32,11,'旅游管理'),(33,12,'服装与服饰设计'),(34,13,'市场营销'),(35,1,'数学'),(36,1,'语文'),(37,1,'英语'),(38,1,'计算机');
/*!40000 ALTER TABLE `major` ENABLE KEYS */;
UNLOCK TABLES;

--
-- Table structure for table `textbook`
--

DROP TABLE IF EXISTS `textbook`;
/*!40101 SET @saved_cs_client     = @@character_set_client */;
/*!40101 SET character_set_client = utf8 */;
CREATE TABLE `textbook` (
  `id` int(10) unsigned NOT NULL AUTO_INCREMENT COMMENT '教材id',
  `uid` int(10) unsigned NOT NULL COMMENT '用户id',
  `name` varchar(50) DEFAULT NULL COMMENT '教材名',
  `isbn` varchar(50) DEFAULT NULL COMMENT 'ISBN码',
  `picture` varchar(255) DEFAULT NULL COMMENT '图片链接',
  `price` decimal(10,2) DEFAULT NULL COMMENT '价格',
  `create_time` bigint(20) DEFAULT NULL COMMENT '创建时间',
  PRIMARY KEY (`id`)
) ENGINE=InnoDB DEFAULT CHARSET=utf8;
/*!40101 SET character_set_client = @saved_cs_client */;

--
-- Dumping data for table `textbook`
--

LOCK TABLES `textbook` WRITE;
/*!40000 ALTER TABLE `textbook` DISABLE KEYS */;
/*!40000 ALTER TABLE `textbook` ENABLE KEYS */;
UNLOCK TABLES;

--
-- Table structure for table `university`
--

DROP TABLE IF EXISTS `university`;
/*!40101 SET @saved_cs_client     = @@character_set_client */;
/*!40101 SET character_set_client = utf8 */;
CREATE TABLE `university` (
  `id` int(10) unsigned NOT NULL AUTO_INCREMENT COMMENT '学校id',
  `name` varchar(30) DEFAULT NULL COMMENT '学校名',
  `type` tinyint(2) DEFAULT NULL COMMENT '1升本 2考研',
  `short_name` varchar(10) DEFAULT NULL COMMENT '简称',
  PRIMARY KEY (`id`)
) ENGINE=InnoDB AUTO_INCREMENT=15 DEFAULT CHARSET=utf8;
/*!40101 SET character_set_client = @saved_cs_client */;

--
-- Dumping data for table `university`
--

LOCK TABLES `university` WRITE;
/*!40000 ALTER TABLE `university` DISABLE KEYS */;
INSERT INTO `university` VALUES (1,'文化课',1,'文化课'),(2,'公共课',2,'公共课'),(3,'天津软件学院',1,'天软'),(4,'天津农学院',1,'天农'),(5,'天津体育学院',1,'天体'),(6,'天津美术学院',1,'天美'),(7,'天津中德应用技术大学',1,'中德'),(8,'天津大学仁爱学院',1,'仁爱'),(9,'天津医科大学临床医学院',1,'医学院'),(10,'天津理工大学中环信息学院',1,'中环'),(11,'天津财经大学珠江学院',1,'财大珠江'),(12,'南开大学滨海学院',1,'滨海'),(13,'天津天狮学院',1,'天狮');
/*!40000 ALTER TABLE `university` ENABLE KEYS */;
UNLOCK TABLES;
/*!40103 SET TIME_ZONE=@OLD_TIME_ZONE */;

/*!40101 SET SQL_MODE=@OLD_SQL_MODE */;
/*!40014 SET FOREIGN_KEY_CHECKS=@OLD_FOREIGN_KEY_CHECKS */;
/*!40014 SET UNIQUE_CHECKS=@OLD_UNIQUE_CHECKS */;
/*!40101 SET CHARACTER_SET_CLIENT=@OLD_CHARACTER_SET_CLIENT */;
/*!40101 SET CHARACTER_SET_RESULTS=@OLD_CHARACTER_SET_RESULTS */;
/*!40101 SET COLLATION_CONNECTION=@OLD_COLLATION_CONNECTION */;
/*!40111 SET SQL_NOTES=@OLD_SQL_NOTES */;

-- Dump completed on 2020-11-17 21:09:47
